video,content,resolution,bitrate
F6_the_way_it_bubbles_res=720_bitrate=0.8.avi,F6_the_way_it_bubbles,720,0.8
M5_heart_beats_fast_res=480_bitrate=0.8.avi,M5_heart_beats_fast,480,0.8
M3_died_at_32_res=720_bitrate=0.25.avi,M3_died_at_32,720,0.25
F3_very_different_res=480_bitrate=2.avi,F3_very_different,480,2
M8_good_English_is_important_res=720_bitrate=0.8.avi,M8_good_English_is_important,720,0.8
M5_I_want_to_learn_to_fish_res=720_bitrate=0.25.avi,M5_I_want_to_learn_to_fish,720,0.25
M4_cove_res=480_bitrate=0.8.avi,M4_cove,480,0.8
M5_I_want_to_learn_to_fish_res=720_bitrate=2.avi,M5_I_want_to_learn_to_fish,720,2
M3_hold_tea_handle_res=480_bitrate=0.25.avi,M3_hold_tea_handle,480,0.25
M5_I_want_to_learn_to_fish_res=480_bitrate=2.avi,M5_I_want_to_learn_to_fish,480,2
F2_switchback_res=1080_bitrate=reference.avi,F2_switchback,1080,reference
M3_died_at_32_res=1080_bitrate=0.8.avi,M3_died_at_32,1080,0.8
F6_the_way_it_bubbles_res=1080_bitrate=0.8.avi,F6_the_way_it_bubbles,1080,0.8
F3_very_different_res=1080_bitrate=0.8.avi,F3_very_different,1080,0.8
M8_good_English_is_important_res=1080_bitrate=reference.avi,M8_good_English_is_important,1080,reference
M8_Quaker_res=1080_bitrate=reference.avi,M8_Quaker,1080,reference
M4_four_tvs_res=720_bitrate=0.8.avi,M4_four_tvs,720,0.8
M3_hold_tea_handle_res=480_bitrate=2.avi,M3_hold_tea_handle,480,2
F5_scuba_aquarium_res=1080_bitrate=2.avi,F5_scuba_aquarium,1080,2
M3_hold_tea_handle_res=720_bitrate=0.8.avi,M3_hold_tea_handle,720,0.8
F6_the_way_it_bubbles_res=360_bitrate=0.8.avi,F6_the_way_it_bubbles,360,0.8
F3_wican_versus_religion_res=720_bitrate=0.8.avi,F3_wican_versus_religion,720,0.8
M5_I_want_to_learn_to_fish_res=1080_bitrate=0.8.avi,M5_I_want_to_learn_to_fish,1080,0.8
M3_hold_tea_handle_res=720_bitrate=2.avi,M3_hold_tea_handle,720,2
M3_died_at_32_res=480_bitrate=0.25.avi,M3_died_at_32,480,0.25
F5_scuba_aquarium_res=480_bitrate=0.8.avi,F5_scuba_aquarium,480,0.8
M8_coors_brewery_res=480_bitrate=2.avi,M8_coors_brewery,480,2
F9_around_7_blocks_res=1080_bitrate=2.avi,F9_around_7_blocks,1080,2
M8_coors_brewery_res=720_bitrate=0.25.avi,M8_coors_brewery,720,0.25
M8_good_English_is_important_res=480_bitrate=0.25.avi,M8_good_English_is_important,480,0.25
M3_hold_tea_handle_res=1080_bitrate=0.8.avi,M3_hold_tea_handle,1080,0.8
M4_four_tvs_res=360_bitrate=0.8.avi,M4_four_tvs,360,0.8
F9_around_7_blocks_res=480_bitrate=0.8.avi,F9_around_7_blocks,480,0.8
F3_wican_versus_religion_res=480_bitrate=0.8.avi,F3_wican_versus_religion,480,0.8
F9_around_7_blocks_res=720_bitrate=0.8.avi,F9_around_7_blocks,720,0.8
M3_hold_tea_handle_res=1080_bitrate=2.avi,M3_hold_tea_handle,1080,2
M8_coors_brewery_res=1080_bitrate=reference.avi,M8_coors_brewery,1080,reference
F9_around_7_blocks_res=1080_bitrate=reference.avi,F9_around_7_blocks,1080,reference
M8_good_English_is_important_res=720_bitrate=0.25.avi,M8_good_English_is_important,720,0.25
F3_wican_versus_religion_res=360_bitrate=0.8.avi,F3_wican_versus_religion,360,0.8
M4_cove_res=720_bitrate=0.8.avi,M4_cove,720,0.8
M8_Quaker_res=1080_bitrate=0.8.avi,M8_Quaker,1080,0.8
F3_very_different_res=720_bitrate=0.25.avi,F3_very_different,720,0.25
M8_good_English_is_important_res=360_bitrate=0.8.avi,M8_good_English_is_important,360,0.8
M3_died_at_32_res=480_bitrate=0.8.avi,M3_died_at_32,480,0.8
M8_good_English_is_important_res=480_bitrate=2.avi,M8_good_English_is_important,480,2
M4_four_tvs_res=480_bitrate=0.8.avi,M4_four_tvs,480,0.8
M8_good_English_is_important_res=480_bitrate=0.8.avi,M8_good_English_is_important,480,0.8
M5_I_want_to_learn_to_fish_res=720_bitrate=0.8.avi,M5_I_want_to_learn_to_fish,720,0.8
M8_Quaker_res=720_bitrate=2.avi,M8_Quaker,720,2
M8_coors_brewery_res=360_bitrate=0.8.avi,M8_coors_brewery,360,0.8
M3_hold_tea_handle_res=360_bitrate=0.8.avi,M3_hold_tea_handle,360,0.8
F2_switchback_res=1080_bitrate=0.8.avi,F2_switchback,1080,0.8
M5_I_want_to_learn_to_fish_res=1080_bitrate=2.avi,M5_I_want_to_learn_to_fish,1080,2
M5_heart_beats_fast_res=720_bitrate=0.25.avi,M5_heart_beats_fast,720,0.25
M3_died_at_32_res=480_bitrate=2.avi,M3_died_at_32,480,2
F6_the_way_it_bubbles_res=480_bitrate=0.8.avi,F6_the_way_it_bubbles,480,0.8
M8_coors_brewery_res=480_bitrate=0.25.avi,M8_coors_brewery,480,0.25
F2_switchback_res=720_bitrate=0.8.avi,F2_switchback,720,0.8
F3_very_different_res=360_bitrate=0.8.avi,F3_very_different,360,0.8
F5_scuba_aquarium_res=720_bitrate=2.avi,F5_scuba_aquarium,720,2
M3_died_at_32_res=720_bitrate=2.avi,M3_died_at_32,720,2
F5_scuba_aquarium_res=480_bitrate=0.25.avi,F5_scuba_aquarium,480,0.25
M4_cove_res=480_bitrate=0.25.avi,M4_cove,480,0.25
F5_scuba_aquarium_res=360_bitrate=0.8.avi,F5_scuba_aquarium,360,0.8
M5_heart_beats_fast_res=480_bitrate=0.25.avi,M5_heart_beats_fast,480,0.25
M8_Quaker_res=480_bitrate=0.8.avi,M8_Quaker,480,0.8
M3_died_at_32_res=1080_bitrate=reference.avi,M3_died_at_32,1080,reference
F2_switchback_res=480_bitrate=0.25.avi,F2_switchback,480,0.25
F5_scuba_aquarium_res=1080_bitrate=reference.avi,F5_scuba_aquarium,1080,reference
M5_heart_beats_fast_res=720_bitrate=2.avi,M5_heart_beats_fast,720,2
F3_very_different_res=1080_bitrate=reference.avi,F3_very_different,1080,reference
M3_died_at_32_res=1080_bitrate=2.avi,M3_died_at_32,1080,2
F6_the_way_it_bubbles_res=1080_bitrate=reference.avi,F6_the_way_it_bubbles,1080,reference
F3_wican_versus_religion_res=1080_bitrate=0.8.avi,F3_wican_versus_religion,1080,0.8
M5_I_want_to_learn_to_fish_res=1080_bitrate=reference.avi,M5_I_want_to_learn_to_fish,1080,reference
F3_wican_versus_religion_res=720_bitrate=2.avi,F3_wican_versus_religion,720,2
M8_Quaker_res=480_bitrate=2.avi,M8_Quaker,480,2
M3_hold_tea_handle_res=720_bitrate=0.25.avi,M3_hold_tea_handle,720,0.25
M4_cove_res=720_bitrate=2.avi,M4_cove,720,2
M4_four_tvs_res=480_bitrate=2.avi,M4_four_tvs,480,2
M4_cove_res=1080_bitrate=reference.avi,M4_cove,1080,reference
F5_scuba_aquarium_res=720_bitrate=0.25.avi,F5_scuba_aquarium,720,0.25
F2_switchback_res=480_bitrate=0.8.avi,F2_switchback,480,0.8
F6_the_way_it_bubbles_res=480_bitrate=2.avi,F6_the_way_it_bubbles,480,2
M8_coors_brewery_res=720_bitrate=0.8.avi,M8_coors_brewery,720,0.8
F5_scuba_aquarium_res=720_bitrate=0.8.avi,F5_scuba_aquarium,720,0.8
F2_switchback_res=720_bitrate=0.25.avi,F2_switchback,720,0.25
M4_cove_res=360_bitrate=0.8.avi,M4_cove,360,0.8
M5_heart_beats_fast_res=1080_bitrate=2.avi,M5_heart_beats_fast,1080,2
M4_cove_res=480_bitrate=2.avi,M4_cove,480,2
M8_good_English_is_important_res=1080_bitrate=0.8.avi,M8_good_English_is_important,1080,0.8
M5_I_want_to_learn_to_fish_res=480_bitrate=0.25.avi,M5_I_want_to_learn_to_fish,480,0.25
F3_wican_versus_religion_res=720_bitrate=0.25.avi,F3_wican_versus_religion,720,0.25
F5_scuba_aquarium_res=1080_bitrate=0.8.avi,F5_scuba_aquarium,1080,0.8
F3_very_different_res=480_bitrate=0.8.avi,F3_very_different,480,0.8
M8_Quaker_res=720_bitrate=0.8.avi,M8_Quaker,720,0.8
M4_cove_res=1080_bitrate=0.8.avi,M4_cove,1080,0.8
M5_heart_beats_fast_res=1080_bitrate=reference.avi,M5_heart_beats_fast,1080,reference
M8_good_English_is_important_res=720_bitrate=2.avi,M8_good_English_is_important,720,2
F6_the_way_it_bubbles_res=720_bitrate=2.avi,F6_the_way_it_bubbles,720,2
F6_the_way_it_bubbles_res=480_bitrate=0.25.avi,F6_the_way_it_bubbles,480,0.25
M4_four_tvs_res=480_bitrate=0.25.avi,M4_four_tvs,480,0.25
F6_the_way_it_bubbles_res=1080_bitrate=2.avi,F6_the_way_it_bubbles,1080,2
M3_hold_tea_handle_res=1080_bitrate=reference.avi,M3_hold_tea_handle,1080,reference
F3_wican_versus_religion_res=480_bitrate=0.25.avi,F3_wican_versus_religion,480,0.25
F9_around_7_blocks_res=360_bitrate=0.8.avi,F9_around_7_blocks,360,0.8
F9_around_7_blocks_res=1080_bitrate=0.8.avi,F9_around_7_blocks,1080,0.8
M8_Quaker_res=480_bitrate=0.25.avi,M8_Quaker,480,0.25
F9_around_7_blocks_res=480_bitrate=0.25.avi,F9_around_7_blocks,480,0.25
F2_switchback_res=1080_bitrate=2.avi,F2_switchback,1080,2
M5_heart_beats_fast_res=360_bitrate=0.8.avi,M5_heart_beats_fast,360,0.8
M4_cove_res=1080_bitrate=2.avi,M4_cove,1080,2
F3_very_different_res=480_bitrate=0.25.avi,F3_very_different,480,0.25
M8_coors_brewery_res=1080_bitrate=0.8.avi,M8_coors_brewery,1080,0.8
F3_very_different_res=720_bitrate=2.avi,F3_very_different,720,2
M8_coors_brewery_res=720_bitrate=2.avi,M8_coors_brewery,720,2
M5_heart_beats_fast_res=1080_bitrate=0.8.avi,M5_heart_beats_fast,1080,0.8
M3_died_at_32_res=720_bitrate=0.8.avi,M3_died_at_32,720,0.8
F6_the_way_it_bubbles_res=720_bitrate=0.25.avi,F6_the_way_it_bubbles,720,0.25
F2_switchback_res=360_bitrate=0.8.avi,F2_switchback,360,0.8
M8_coors_brewery_res=1080_bitrate=2.avi,M8_coors_brewery,1080,2
M5_heart_beats_fast_res=720_bitrate=0.8.avi,M5_heart_beats_fast,720,0.8
M4_four_tvs_res=720_bitrate=0.25.avi,M4_four_tvs,720,0.25
M5_heart_beats_fast_res=480_bitrate=2.avi,M5_heart_beats_fast,480,2
F5_scuba_aquarium_res=480_bitrate=2.avi,F5_scuba_aquarium,480,2
F9_around_7_blocks_res=480_bitrate=2.avi,F9_around_7_blocks,480,2
M4_four_tvs_res=720_bitrate=2.avi,M4_four_tvs,720,2
F3_wican_versus_religion_res=1080_bitrate=2.avi,F3_wican_versus_religion,1080,2
F2_switchback_res=720_bitrate=2.avi,F2_switchback,720,2
M8_Quaker_res=360_bitrate=0.8.avi,M8_Quaker,360,0.8
F2_switchback_res=480_bitrate=2.avi,F2_switchback,480,2
M4_four_tvs_res=1080_bitrate=0.8.avi,M4_four_tvs,1080,0.8
M8_Quaker_res=1080_bitrate=2.avi,M8_Quaker,1080,2
M4_four_tvs_res=1080_bitrate=reference.avi,M4_four_tvs,1080,reference
M3_died_at_32_res=360_bitrate=0.8.avi,M3_died_at_32,360,0.8
F9_around_7_blocks_res=720_bitrate=0.25.avi,F9_around_7_blocks,720,0.25
F3_very_different_res=720_bitrate=0.8.avi,F3_very_different,720,0.8
M3_hold_tea_handle_res=480_bitrate=0.8.avi,M3_hold_tea_handle,480,0.8
M8_good_English_is_important_res=1080_bitrate=2.avi,M8_good_English_is_important,1080,2
F3_wican_versus_religion_res=480_bitrate=2.avi,F3_wican_versus_religion,480,2
F3_very_different_res=1080_bitrate=2.avi,F3_very_different,1080,2
M8_coors_brewery_res=480_bitrate=0.8.avi,M8_coors_brewery,480,0.8
F3_wican_versus_religion_res=1080_bitrate=reference.avi,F3_wican_versus_religion,1080,reference
F9_around_7_blocks_res=720_bitrate=2.avi,F9_around_7_blocks,720,2
M5_I_want_to_learn_to_fish_res=480_bitrate=0.8.avi,M5_I_want_to_learn_to_fish,480,0.8
M8_Quaker_res=720_bitrate=0.25.avi,M8_Quaker,720,0.25
M4_four_tvs_res=1080_bitrate=2.avi,M4_four_tvs,1080,2
M5_I_want_to_learn_to_fish_res=360_bitrate=0.8.avi,M5_I_want_to_learn_to_fish,360,0.8
M4_cove_res=720_bitrate=0.25.avi,M4_cove,720,0.25
